{"free_energy": 102.21018556919942, "success": true, "message": ["Maximum number of iteration reached"], "total_time": 3241.1178362369537, "maxiter": 2000, "n_free_energy_calls": 20300122}
