{"free_energy": 138.73223844020907, "success": true, "message": ["Maximum number of iteration reached"], "total_time": 3244.1516399383545, "maxiter": 2000, "n_free_energy_calls": 20305124}
