{"free_energy": 2.8287931508250255, "success": true, "message": ["Maximum number of iteration reached"], "total_time": 3382.1394815444946, "maxiter": 2000, "n_free_energy_calls": 20060026}
