{"free_energy": -435.5549753216935, "success": true, "message": ["Maximum number of iteration reached"], "total_time": 226.56183075904846, "maxiter": 1000, "n_free_energy_calls": 1093906}
