{"free_energy": 101.13485272372141, "success": true, "message": ["Maximum number of iteration reached"], "total_time": 3338.210287809372, "maxiter": 2000, "n_free_energy_calls": 20060026}
