{"free_energy": 59.314263096607846, "success": true, "message": ["Maximum number of iteration reached"], "free_energy_per_junction": 0.012104951652368948, "total_time": 17062.5606341362, "maxiter": 10000, "n_free_energy_calls": 100270110, "time_per_call": 0.00017016597103699399, "time_per_call_per_junction": 3.472774919122326e-08}
