{"free_energy": -178.04410354173703, "success": true, "message": ["Maximum number of iteration reached"], "total_time": 69.67847514152527, "maxiter": 1000, "n_free_energy_calls": 413738}
