{"free_energy": -119.68123127230528, "success": true, "message": ["Maximum number of iteration reached"], "total_time": 67.87607526779175, "maxiter": 1000, "n_free_energy_calls": 414142}
