{"free_energy": -435.77554452343736, "success": true, "message": ["Maximum number of iteration reached"], "total_time": 257.47899556159973, "maxiter": 1000, "n_free_energy_calls": 1102130}
