{"free_energy": 84.87343618821063, "success": true, "message": ["Maximum number of iteration reached"], "total_time": 3189.747599840164, "maxiter": 2000, "n_free_energy_calls": 20840338}
