{"free_energy": 137.30158533505178, "success": true, "message": ["Maximum number of iteration reached"], "total_time": 3334.7069993019104, "maxiter": 2000, "n_free_energy_calls": 20060026}
