{"free_energy": 99.97686987720422, "success": true, "message": ["Maximum number of iteration reached"], "total_time": 3267.065088748932, "maxiter": 2000, "n_free_energy_calls": 20810326}
