{"free_energy": 117.05014646845834, "success": true, "message": ["Maximum number of iteration reached"], "total_time": 3357.2745792865753, "maxiter": 2000, "n_free_energy_calls": 20360146}
