{"free_energy": -177.99890464546266, "success": true, "message": ["Maximum number of iteration reached"], "total_time": 72.10014343261719, "maxiter": 1000, "n_free_energy_calls": 416970}
