{"free_energy": 10.954490252021724, "success": true, "message": ["Maximum number of iteration reached"], "total_time": 3348.3905811309814, "maxiter": 2000, "n_free_energy_calls": 20090038}
