{"free_energy": -690.6397606421359, "success": true, "message": ["Maximum number of iteration reached"], "total_time": 156.42631244659424, "maxiter": 1000, "n_free_energy_calls": 1379852}
