{"free_energy": 112.65503783853826, "success": true, "message": ["Maximum number of iteration reached"], "total_time": 3408.0667049884796, "maxiter": 2000, "n_free_energy_calls": 20965388}
