{"free_energy": 109.94679857183186, "success": true, "message": ["Maximum number of iteration reached"], "total_time": 3372.5583856105804, "maxiter": 2000, "n_free_energy_calls": 20270110}
