{"free_energy": -372.2082798699266, "success": true, "message": ["Maximum number of iteration reached"], "total_time": 151.77319812774658, "maxiter": 1000, "n_free_energy_calls": 1084654}
