{"free_energy": 96.40597057731586, "success": true, "message": ["Maximum number of iteration reached"], "total_time": 3375.3283729553223, "maxiter": 2000, "n_free_energy_calls": 20270110}
