{"free_energy": 81.4557609494704, "success": true, "message": ["Maximum number of iteration reached"], "total_time": 189.62464714050293, "maxiter": 1000, "n_free_energy_calls": 1660954}
