{"free_energy": 116.08681932080866, "success": true, "message": ["Maximum number of iteration reached"], "total_time": 3336.717734336853, "maxiter": 2000, "n_free_energy_calls": 20240098}
