{"free_energy": -123.03142109343642, "success": true, "message": ["Maximum number of iteration reached"], "total_time": 75.85452771186829, "maxiter": 1000, "n_free_energy_calls": 428888}
