{"free_energy": -547.5765035145569, "success": true, "message": ["Maximum number of iteration reached"], "total_time": 111.07193422317505, "maxiter": 1000, "n_free_energy_calls": 1103672}
