{"free_energy": 140.16880614291614, "success": true, "message": ["Maximum number of iteration reached"], "total_time": 3342.769097805023, "maxiter": 2000, "n_free_energy_calls": 20270110}
