{"free_energy": -465.30784007196524, "success": true, "message": ["Maximum number of iteration reached"], "total_time": 215.9307119846344, "maxiter": 1000, "n_free_energy_calls": 1073860}
