{"free_energy": -27.230957495900714, "success": true, "message": ["Maximum number of iteration reached"], "total_time": 9.663727045059204, "maxiter": 1000, "n_free_energy_calls": 103486}
