{"free_energy": 70.38557096191795, "success": true, "message": ["Maximum number of iteration reached"], "total_time": 3328.3169906139374, "maxiter": 2000, "n_free_energy_calls": 20060026}
