{"free_energy": 57.707675404235005, "success": true, "message": ["Maximum number of iteration reached"], "total_time": 103.80855941772461, "maxiter": 1000, "n_free_energy_calls": 1084654}
