{"free_energy": 142.18587161824024, "success": true, "message": ["Maximum number of iteration reached"], "total_time": 3352.9523334503174, "maxiter": 2000, "n_free_energy_calls": 20240098}
