{"free_energy": 25.419006469129183, "success": true, "message": ["Maximum number of iteration reached"], "total_time": 3330.294788122177, "maxiter": 2000, "n_free_energy_calls": 20060026}
