{"free_energy": -359.0244272456279, "success": true, "message": ["Maximum number of iteration reached"], "total_time": 237.05450320243835, "maxiter": 1000, "n_free_energy_calls": 1054328}
