{"free_energy": 109.55975151820049, "success": true, "message": ["Maximum number of iteration reached"], "total_time": 3384.573733329773, "maxiter": 2000, "n_free_energy_calls": 20660266}
