{"free_energy": 45.12694931951102, "success": true, "message": ["Maximum number of iteration reached"], "total_time": 3302.3733851909637, "maxiter": 2000, "n_free_energy_calls": 20060026}
