{"free_energy": 92.64404109174181, "success": true, "message": ["Maximum number of iteration reached"], "total_time": 3179.3559041023254, "maxiter": 2000, "n_free_energy_calls": 21205484}
