{"free_energy": 160.7608486365168, "success": true, "message": ["Maximum number of iteration reached"], "total_time": 98.70461797714233, "maxiter": 1000, "n_free_energy_calls": 1084654}
