{"free_energy": -119.44469175636166, "success": true, "message": ["Maximum number of iteration reached"], "total_time": 65.39824271202087, "maxiter": 1000, "n_free_energy_calls": 417576}
